TotalLTV,TotalLTVpaid,CLVtotal,CLVpaid,ARPUtotal,ARPUpaid,UniqueUsersCount,TrialOnlyUsersCount,SubscribersCount(paid),ChurnTotal,ChurnPaid,ALTtotal,ALTpaid
7.687548962029139,3.454525266511621,1.8912798418827326,10.313597995991984,9.340012757605495,19.073092184368733,1019,520,499,82.3076923076923,36.986301369863014,1.2149532710280373,2.7037037037037037
